ts_iso,block,run_id,branch_sha,who,skew_s_before,upper_bringup_ts,station_nodes,container_participants,activation_ts,deactivation_ts,max_meas_offset_rad_json,faults,mem_used_gb_max,verdict,verdict_reason,log_path,notes
2026-09-02T11:07:14+02:00,T1a,t1a_20260902_110714,62b97a6,julian,0.031,2026-09-02T11:03,none,0 (native pixi participant; set-up C),2026-09-02T11:08:50 (t~96s during wiggle),t~178.6 (meas frozen),"{""right"":{""j6"":0.0349,""j7"":0.0162},""left"":{""j6"":0.0,""j7"":0.0}}",0,5,right FOLLOWED / left HELD,"199 rows t=0..199.8; first displaced row t=97.9; window t=100-185: corr(cmd,Rj6)=+0.70 in phase, Rj6 swing 0.033 on mean -0.017 (activation captured during wiggle -> standing offset, U-4), Rj7 swing 0.011 mean -0.0125; js_hz ~1100; 0 faults 0 rejects; 4 controller managers throughout",outputs/rig/munich_2026-09-01/t1a_20260902_110714/t1a_110714.log,"native make sine-probe-real PY=pixi python (first end-to-end DDS evidence for set-up C); Float32 gripper hold accepted by robotiq client; CSV lost to Ctrl+C-through-tee (BrokenPipe) - rows rebuilt from log into t1a_110714_from_log.csv; operator activated at t~96 instead of inside the 40 s hold"
2026-09-02T11:15:08+02:00,T1b(both arms),t1both_20260902_111508,62b97a6,julian,0.031,2026-09-02T11:03,none,0 (native pixi participant; set-up C),inside the 40 s hold (first displaced row t=41.4 = wiggle start; max|meas| during hold 0.0000),t~203.8 (meas frozen),"{""left"":{""j6"":0.0196,""j7"":0.0035},""right"":{""j6"":0.0184,""j7"":0.0015}}",0,5,left FOLLOWED / right FOLLOWED,"301 rows t=0..302.6; window t=44-203: corr(cmd,Lj6)=+0.79 Rj6=+0.79 in phase, swing 0.036 on both, mean 0.001/-0.000 (NO standing offset: activation inside the hold -> U-4 = activation delta capture, confirmed); j7 swing 0.003 both sides (noise at k=20, no phase evidence); js_hz ~1100; 0 faults 0 rejects; 4 controller managers",outputs/rig/munich_2026-09-01/t1both_20260902_111508/t1both_111508.log,"CSV lost again: Ctrl+C -> rclpy default SIGINT handler shut the context down before the probe's finally (ros-spin RCLError, publish_arms 'context is invalid', safe_stop skipped, make exit 1); arms were already deactivated so no effect; rows rebuilt from log. Fix: rclpy.init(signal_handler_options=NO) in ros_session (in progress)"
2026-09-02T11:23:32+02:00,T1c(grippers span 0.3),t1c_20260902_112332,62b97a6,julian,0.031,2026-09-02T11:03,none,0 (native pixi participant; set-up C),inside the 40 s hold,t~166.4 (meas frozen),"{""right"":{""j6"":0.0172},""left"":{""j6"":0.0}}",0,5,arm: right FOLLOWED / left HELD; gripper: UNRESOLVED,"188 rows t=0..188.6; grip cmd cycled 1.00..0.70 (10 s period) from t=40; measured gripper open-fraction L=R=1.00 in EVERY row; operator saw fingers move only barely; companion log +5756 'Received & accepted new action goal' (one per 20 Hz tick); 0 faults 0 rejects 4 controller managers",outputs/rig/munich_2026-09-01/t1c_20260902_112332/t1c_112332.log,"Ctrl+C at t=188.6 (1.4 s before natural end) -> context invalid -> CSV lost again, rows rebuilt from log; gripper feedback/command path under investigation (goal flooding vs feedback conversion); second run t1c_112653 aborted at t=5 by operator to change span"
2026-09-02T11:28:22+02:00,T1c(grippers span 0.7),t1c_20260902_112822,62b97a6,julian,0.031,2026-09-02T11:03,none,0 (native pixi participant; set-up C),inside the hold,operator deactivated then Ctrl+C,"see log",0,5,gripper: NOT MOVING,"grip cmd cycled 1.00..0.30; operator: grippers do not close at all; measured open-fraction 1.00 flat; publisher sends 30.0..100.0 percent (C.gripper_width_percent) at 20 Hz + 10 Hz keep-alive republish -> one Robotiq action goal per tick (companion log 'Received & accepted new action goal', results position=0.0)",outputs/rig/munich_2026-09-01/t1c_20260902_112822/t1c_112822.log,"goal-flood vs driver-semantics under investigation; CSV lost to Ctrl+C (context) again"
2026-09-02T11:57:41+02:00,T1c(grippers span 0.7 after unit fix),t1c_20260902_115741,f049584,julian,0.030,2026-09-02T11:55,none,0 (native pixi participant; set-up C),arms NOT activated (gripper-only run),n/a,"{""right"":{""j6"":0.0},""left"":{""j6"":0.0}}",0,5,gripper: FOLLOWED both sides,"189 rows; grip cmd 1.00..0.30 (10 s period); measured open-fraction follows (see CSV): cmd 0.31 -> L/R 0.14, cmd 0.98 -> 0.95; feedback 100 Hz both sides; companion goals +1782 over 150 s with dedup (vs one per tick before), reached_goal=True 651, non-zero result positions; 0 faults 4 CMs; CSV + summary written on natural end",outputs/rig/munich_2026-09-01/t1c_20260902_115741/t1c_115741.log,"driver maps cmd x -> knuckle (1-x) rad: measured_open ~ (x-0.2)/0.8; cmd 0.2 = fully closed = corpus min 0.2025; summary prints verdict lines twice (cosmetic); rclpy 'Destroyable' warnings at shutdown (cosmetic)"
2026-09-02T12:04:15+02:00,T1 runner-path (probe --activate-arms),t1r_20260902_120415,f049584,julian,0.030,2026-09-02T11:55,none,0 (native pixi participant; set-up C),none (exited before activation),n/a,"{}",0,5,NOT RUN,"ModuleNotFoundError: No module named 'controller_manager_msgs' at camelo/ros/arm_activation.py:77 — missing in the station pixi env AND in camelo-ebim/ros:latest (docker run --network none import test); the runner's activation choreography (--activate-arms / --wait-for-activation) has never been runnable on the rig; failure was safe: exit before any publish, 4 CMs, 0 faults",outputs/rig/t1r_120415.log (on ebimHP),"fix: pixi add ros-humble-controller-manager-msgs (site env) or Dockerfile + rebuild; branch gets the Dockerfile change + preflight import check"
2026-09-02T12:07:02+02:00,T1b(joint-1 direction probe),t1bj1_20260902_120702,f049584,julian,0.030,2026-09-02T11:55,none,0 (native pixi participant; set-up C),inside the 40 s hold (hold max|meas| 0.0000; first displaced row t=41.4),t~88.8 (meas frozen; operator deactivate),"{""right"":{""j1"":0.0173},""left"":{""j1"":0.0}}",0,5,right FOLLOWED IN PHASE -> identity publish correct -> --arm-command-frame robot stays default,"100 rows; wiggle window n=48: corr(cmd, meas R j1)=+0.922, cmd +0.0197/-0.0183 -> meas +0.0128/-0.0152 every cycle, swing 0.030 of 0.040 cmd, mean -0.002; left 0.0000; 0 faults 0 rejects 4 CMs; probe ended by itself at t=100 with CSV+summary; final drift right 0.0112 (arm parked where deactivated, manual path)",outputs/rig/munich_2026-09-01/t1bj1_20260902_120702/t1bj1_120702.log,"U-3 answered: the controller's dir=-1 on j1 is NOT in force for our identity publish; corpus robot-frame actions can be published verbatim"
2026-09-02T12:29:06+02:00,T1 runner-path (probe --activate-arms; container form),t1r_20260902_122906,b1d33ff (code) / image 12:17,julian,0.03 (re-synced 12:27),2026-09-02T12:27,none,1 container participant (Jazzy Fast DDS 2.14.6 / rmw 8.4.4),none — switch_controller/list_controllers never answered (5 s x2 each; activate + deactivate),n/a,"{""right"":{""j6"":0.0}}",0,5,FAILED — services do not cross Jazzy<->Humble (R-40),"services DISCOVERED but no request/reply; TimeoutError 'not active within 10s ... refusal not liveness gap'; teardown attempted deactivate (no answer) then safe_stop; companion: 4 CMs, 0 faults, 0 rejects, both impedance controllers still inactive, no switch lines -> arm never moved; topics (arm state) did cross",outputs/rig/t1r_122906.log (on ebimHP),"first direct evidence for 16b hypothesis 3 (version skew) on the services plane; runner activation must run from a Humble-generation participant: native pixi (needs pixi add ros-humble-controller-manager-msgs) or set-up B Humble image (being drafted)"
2026-09-02T12:37:18+02:00,T1 runner-path (probe --activate-arms; native after pixi add controller-manager-msgs),t1r_20260902_123718,0cf9ad4 (code = b1d33ff),julian,<0.05 (synced 12:27),2026-09-02T12:27,none,0 (native pixi participant; Humble 2.6.10),self: switch_controller activate ok (BEST_EFFORT) at t=1.01 s inside the hold; offset(t_act)=0,self: deactivate ok + list_controllers confirmed at t=113.1 (operator Ctrl+C),"{""right"":{""j6"":0.0176,""j7"":0.0014},""left"":{""j6"":0.0,""j7"":0.0}}",0,5,right FOLLOWED via the runner's ArmControllers — T1 runner-path criterion MET,"113 rows; hold max|meas| 0.0000; window t=44-83: corr(cmd,Rj6)=+0.81, swing 0.034, mean -0.0003; services answered immediately from a Humble-generation participant (contrast R-40); 0 faults 0 rejects 4 CMs; CSV written; summary.txt missing because a 2nd Ctrl+C hit the 'settle' teardown step after deactivation (fix in progress)",outputs/rig/munich_2026-09-01/t1r_20260902_123718/t1r_123718.log,"station env change: pixi add ros-humble-controller-manager-msgs (pixi.toml/lock modified in ~/teleoperation/station); Humble image camelo-ebim/ros-humble built 12:4x, import smoke ok (set-up B available, untested against the companion)"
2026-09-02T13:00:21+02:00,T2 step 2a (native participant + head camera; set-up C),t2s2a_20260902_130021,de45329 (code 020a0c2 not yet deployed),julian,n/a,2026-09-02T12:27 (arms up; nothing activated),"realsense2_camera_node x2 + zed_open_capture_ros (pixi run cameras, up since 12:42)",0 containers; 1 native pixi participant + 1 spawned camera worker,n/a,n/a,"{}",0,5.8,PASS — head camera DISCOVERED + INGESTED natively,"camera head topic=/head_camera/zed_node/rgb/color/rect/image reliability=1 durability=2; image_head 18.4 Hz (drain ceiling ~20); image (376,672,3) uint8 = ZED at VGA (contract/corpus 720x1280); joint_states 1081 Hz per arm, clock 49.8 Hz; 17/37 finite; station RSS unchanged during and right after (66/67/45/101 MB), MEM 5.77 GB; U-2 answered for set-up C",outputs/rig/t2s2a_130021.log (on ebimHP),"check_obs exit 1 by construction (odom + min_finite); camera worker traceback at exit: 'failed to initialize wait set: context not valid' + Destroyable warning = worker spin vs parent shutdown race (fix queued); 3-min RSS soak pending"
2026-09-02T13:06:18+02:00,T3 (all three cameras; native set-up C),t3_20260902_130618,de45329 (code 020a0c2 not deployed),julian,n/a,arms up; nothing activated,"realsense2_camera_node x2 + zed_open_capture_ros (pixi run cameras since 12:42)",0 containers; 1 native participant + 3 spawned workers,n/a,n/a,"{}",0,5.8,DISCOVERY+INGEST PASS all three; ACCEPTANCE FAIL (rates + shapes),"wrist_left topic=/wrist_camera_left/camera/color/image_rect_raw reliability=1 durability=1; wrist_right same; head durability=2; ingest Hz head 18.1 / wrist_left 14.6 / wrist_right 8.3 (frames 183/148/84 in 10 s); gap(sim-s) 0.066/0.067/0.067; lag30 2.0 on all; shapes head (376,672,3) wrist_left (480,848,3) wrist_right (480,848,3) vs contract 720x1280 / 480x640; clock 49.8; joint_states 1081 Hz per arm; station RSS right after: RealSense 70/71 MB (+5 vs 64/65 baseline), ZED 102 MB, MEM 5.84 GB",outputs/rig/munich_2026-09-01/t3_20260902_130618/t3_checkobs_130618.log,"none of the three cameras is at corpus resolution today (ZED VGA per site commit 646ecda; RealSense color profile arg not taking effect -> 848x480 default); wrist_right ingest 8.4 Hz = per-process starvation, under analysis; 3-min soak pending"
2026-09-02T13:11:32+02:00,T3 discriminator (wrist_right alone; native),t3w_right_20260902_131132,de45329,julian,n/a,arms up; nothing activated,"realsense2_camera_node x2 + zed_open_capture_ros",0 containers; 1 native participant + 1 worker,n/a,n/a,"{}",0,6.0,wrist_right alone 14.1 Hz (vs 8.4 with 3 cameras),"141 frames / 14.073 Hz / gap 0.067 / lag30 2.0 / clock-stamp 0.031; shape (480,848,3); station RSS unchanged (70/71/45/102 MB), MEM 6.0 GB",outputs/rig/t3w_right_131132.log (on ebimHP),"stamp gap 0.067 s in every run -> RealSense wire ~15 fps (launcher color profile not applied?); the 3-camera 8.4 Hz is an additional contention loss on our side (U-22)"
2026-09-02T13:13:43+02:00,T3 verification (deployed a20277f: shape alarm + worker fix),t3_20260902_131343,a20277f,julian,n/a,arms up; nothing activated,"realsense2_camera_node x2 + zed_open_capture_ros",0 containers; 1 native participant + 3 workers,n/a,n/a,"{}",0,5.8,exit 3 = SHAPE MISMATCH on all three (alarm works); worker traceback gone,"image_head 16.6 / wrist_left 8.0 / wrist_right 13.2 Hz (frames 168/81/134; gap 0.067/0.100/0.067) — the starved wrist FLIPPED sides vs 13:06 (left 14.6->8.0, right 8.3->13.2) => contention on our side, not a camera property; SHAPE MISMATCH head 376x672x3 vs 720x1280x3, wrists 480x848x3 vs 480x640x3; no worker Traceback/RCLError at exit; two rclpy 'Destroyable' warnings remain (parent-side subscriptions/timers at destroy_node); station RSS unchanged",outputs/rig/t3_checkobs_131343.log (on ebimHP),"U-22: per-run random loser between the two wrist workers"
2026-09-02T14:09:15+02:00,T3 post-launcher-fix + deployed 0d42efe (single sub + wire counters),t3_20260902_140915,0d42efe,julian,0.643 (not synced; cameras only),arms up; nothing activated,"cameras restarted 14:08 with rgb_camera.color_profile '640,480,30' + ZED HD720",0 containers; 1 native participant + 3 workers,n/a,n/a,"{}",0,5.8,PARTIAL: head at 720x1280 (no head mismatch), wrists STILL 848x480; parent HUNG at INTERPRETER EXIT (all output printed; atexit join of a rclpy MultiThreadedExecutor pool thread),"wire counters (first in-participant wire measurement): head recv 17.6-20.7/s decoded 17-19 shipped 16-18 dropped_full 3-6; wrist_right recv 19.6 -> 17.3 -> 12.0/s; wrist_left recv 17.6 -> 5.7 -> 8.7/s (receive-side loss, below our callback); stream table image_head 16.4 / wrist_left 9.0 / wrist_right 13.8 Hz; gripper_js 99.7; camera table: head 166 frames wire 18.9 Hz ingest 16.6 gapmin 0.030 (30 fps wire, HD720 confirmed 720x1280); wrist_left 91 / wire 9.7 / ingest 9.1 gapmin 0.033; wrist_right 140 / 15.0 / 14.0 gapmin 0.033 (wrists 30 fps on the wire but recv counts 10-15/s = receive-side loss below our callback); then the process sat 6+ min in interpreter exit (Ctrl+C traceback: threading._shutdown -> concurrent.futures thread _python_exit -> t.join) = a rclpy executor pool thread never finished; workers had exited; station RSS unchanged, MEM 5.8 GB",outputs/rig/t3_checkobs_140915.log (on ebimHP),"RealSense value format likely wrong for 4.55 ('640,480,30' vs '640x480x30'); operator Ctrl+C requested; hang under investigation"
2026-09-02T14:44:14+02:00,T3 Run A (site DDS profile; hang fix deployed 25dae26; launcher x-form),t3_20260902_144414,25dae26,julian,0.066,2026-09-02T14:36 (arms up; inactive),"cameras restarted 14:25 (rgb_camera.color_profile '640x480x30' + ZED HD720)",0 containers; 1 native participant + 3 workers,n/a,n/a,"{}",0,6.4,exits cleanly (hang fixed); UDP drops confirmed live: UdpRcvbufErrors +2990 during the run; wrists STILL 848x480,"head 179 frames wire 21.4 Hz ingest 17.9 gapmin 0.026 (720x1280); wrist_left 106 / wire 11.1 / ingest 10.6 gapmin 0.033 (the loser this time); wrist_right 177 / 21.1 / 17.7; dropped_full 2-9 per 3 s; SHAPE MISMATCH wrists 480x848x3 vs 480x640x3 -> exit 3; station RSS unchanged, MEM 6.4 GB; UdpRcvbufErrors 46,761,273 -> 46,764,263 across the run",outputs/rig/t3_checkobs_144414.log (on ebimHP),"rgb_camera.color_profile with the x-form still not applied (quoting? node ignores?); Run B with the 16 MB-buffer profile next"
2026-09-02T14:48:47+02:00,T3 Run B (camelo DDS profile 16 MB rx buffer),t3_20260902_144847,25dae26,julian,~0.07,2026-09-02T14:36 (arms up; inactive),"cameras (launcher x-form; wrists still 848x480)",0 containers; 1 native participant + 3 workers (FASTRTPS_DEFAULT_PROFILES_FILE=outputs/rig/fastdds_camelo.xml),n/a,n/a,"{}",0,6.2,INGEST PASS all three at the drain ceiling; shape FAIL (wrists 848x480),"wire recv=30.0/s on head, wrist_left, wrist_right (was 21/11/21 in Run A); decoded 25 (rate limit) shipped 20 (drain); ingest 19.8/19.7/19.8 Hz; frames 198/197/198; gapmin 0.026/0.033/0.033; dropped_full 12-15 per 3 s (parent drain slower than the 25 Hz decode = expected); UdpRcvbufErrors 46,764,263 -> 46,765,044 = +781 across Run B (operator's before/after) vs +2938 in Run A; residual drops did not cost image samples (recv = wire rate) -> other sockets (host-wide counter); head 720x1280; station RSS unchanged, MEM 6.2 GB; exit 3 (wrist shape)",outputs/rig/t3_checkobs_144847.log (on ebimHP),"first run where every camera reached the wire rate inside our participant; keep the export for all native runs"
2026-09-02T15:41:41+02:00,T5.1 run_policy dry run (dummy adapter; first run_policy --world real on the rig),t5dry_20260902_154141,25dae26,julian,0.034 (synced ~15:38),2026-09-02T15:39,cameras up (not used: --cameras ''),0 containers; 1 native participant (camelo DDS profile),self: switch_controller activate ok (BEST_EFFORT) both arms at 15:41:44.9 (t~1.1 s); q0=g0 exact (activation_ref_spread 1.2e-5 rad; drift 0.0),self: deactivate ok both arms at 15:42:15 after --seconds 30,"{""left"":{""worst_j7"":0.00001},""right"":{""worst_j7"":0.00001}}",0,6.2,PASS — runner real path works end to end,"600 ticks in 30.06 s (20 Hz exact), clamped 0/600, chunks 100, stale 0, max_requested_delta 9e-6 rad, max_publish_gap_s 0.058, keepalive_republished 0; arms did not move (dummy echoes measured); 0 rejects 0 faults 4 CMs; joint CSV 384 KB written",outputs/rig/t5dry_154141.log (on ebimHP),"--no-start-pose-check used deliberately for the dummy adapter only"
2026-09-02T15:45:01+02:00,T5.2 home_arms.py --file ~/t5_ep009_home_pose.yaml (episode 9 frame 0),t5home_20260902_154501,25dae26 (site script),julian,~0.1,2026-09-02T15:39,cameras up (unused),0 (companion-native home_arms participant),n/a (PTP position control; impedance controllers inactive),n/a,"{""left"":{""travel"":3.2597},""right"":{""travel"":1.3399}}",0,6.2,SOFTWARE OK (both arms 'at home' within 0.05 rad); OPERATOR judged the left-arm configuration unreasonable and hand-guided it away afterwards,"home_arms: left max joint error 3.2597 rad -> 'at home' after 22 s (15:45:23); right 1.3399 rad -> 'at home' after 9 s (15:45:32); companion: PTP motion completed successfully both sides, 0 faults, 4 CMs; after hand-guiding: 4 CMs, 0 faults",~/start_upper.log (companion) + operator terminal,"task-2 corpus frame-0 configuration (L j1 +1.85, j3 -2.24) reachable by PTP but deemed unsafe/awkward in today's cell by the operator -> T5.3 full-episode replay not run; right-arm-only replay considered"
2026-09-02T15:48:55+02:00,T5.3 replay attempt (episode 9; both arms),t5_replay_ep9_20260902_154855,25dae26,julian,~0.1,2026-09-02T15:39,cameras up (unused),0 containers; 1 native participant (camelo DDS profile),none — REFUSED before activation by the start-pose check,deactivate call issued anyway (confirmed; nothing was active),"{}",0,6.2,REFUSED (correct): left arm 0.66 rad off episode 9's frame 0 after the operator hand-guided it away,"StartPoseNotReached: max 0.6601 rad (tol 0.10, worst left j6); left errors j1 +0.26 j2 +0.14 j3 +0.65 j4 +0.49 j5 +0.51 …; right within tolerance (see log); 0 faults 0 rejects 4 CMs",outputs/rig/t5_replay_ep9_154855.log (on ebimHP),"the runner's refusal path works end to end (verify -> deactivate -> exit, nothing commanded); right-arm-only replay possible once the start-pose check is scoped to --arms (landing)"
2026-09-02T15:52:41+02:00,T5.3 open-loop replay of held-out episode 9 (RIGHT arm; left held),t5_replay_ep9_20260902_155241,39fa124,julian,~0.15 (synced 15:38),2026-09-02T15:39,cameras up (unused: --cameras ''),0 containers; 1 native participant (camelo DDS profile),self: right activated 15:52:47 (t~6 s; q0=g0 exact; left held at its hand-guided pose 0.66 rad off frame 0),self: right deactivated 15:53:09 after --seconds 22; confirmed,"{""right"":{""meas_vs_cmd_max"":[0.153,0.028,0.168,0.044,0.202,0.563,0.645],""cmd_vs_recorded_max"":[0.022,0.005,0.033,0.017,0.046,0.088,0.049]}}",0,6.2,COMMAND FIDELITY PASS / WRIST TRACKING POOR,"439 ticks in 22.0 s (20 Hz), 52 chunks, 0 stale, clamped 45/439 = 10.3 % (largest commanded step exactly 0.050 rad), max_publish_gap 0.052, keepalive 0; commanded trajectory matches the recorded actions at lag 0 within 0.088 rad on every right joint (executor + replay adapter correct; chunk timing right — lag ±8 frames gives 0.39/0.45); measured right arm: j1-j5 within 0.03-0.20 rad of commanded, but j6 0.56 and j7 0.64 rad behind (recorded j7 swings 1.53 rad; controller gains k6=60 k7=20, the same compliance as T1's 60 %/10 % amplitude); max_requested_delta 0.68 = the executor pulling the lagging wrist toward the chunk; right gripper cmd 0.20..1.00 -> measured 0.02..1.00 (closed on nothing and reopened, as recorded); 0 faults 0 rejects 4 CMs",outputs/rig/munich_2026-09-01/t5_replay_20260902_155241/t5_replay_ep9_155241.log,"T5 exit criterion: tracks on the big joints, NOT on the wrist under the current impedance gains — the corpus's own follower tracked within a few hundredths (16a) -> gains/controller at recording time vs today = U-26 (blocks T6 wrist fidelity)"
2026-09-02T16:06:35+02:00,T5 scene check (live head frame vs corpus episode 9 frame 0),live_head_160635,39fa124,julian,n/a,arms up; right arm on episode 9 frame 0 (re-homed 15:58); left hand-guided,cameras restarted ~16:05,0 containers; 1 native participant (capture_head.py),n/a,n/a,"{}",0,6.2,U-25 ANSWERED: the mobile base is elsewhere; arm configuration correct,"live: table far LEFT ~1 m away, floor fills the lower half, a gripper visible at top-left = the LEFT arm at its hand-guided pose (operator 16:12); the RIGHT arm on frame 0 is out of view, exactly as in corpus frame 0; corpus frame 0: robot centred at the table's short edge, close, table fills the lower half, pads mid-frame; mean |pixel diff| 93/255; corpus mid-episode frames show the right Franka entering from the top right, grasping the red pad (gripper closed frames ~108-290) and retracting -> genuine robot demo, arms rest above/behind the head camera",outputs/rig/munich_2026-09-01/t5_replay_20260902_155241/cmp_ep9_side.png,"next: reposition the base until the live head view matches frame 0 (overlay), then re-capture (C-15)"
2026-09-02T16:11:52+02:00,C-15 base repositioned to the table (live head frame vs corpus episode 9 frame 0; 2nd capture),live_head_161152,39fa124,julian,n/a,arms up; right on episode 9 frame 0; left hand-guided (visible top-left),cameras up,0 containers; 1 native participant (capture_head.py),n/a,n/a,"{}",0,6.2,C-15 APPROXIMATELY MET,"operator pushed the base to the table's short edge; live view now matches corpus frame 0 in layout (table centred, near edge at the bottom, fixture right, pads mid-frame); residual: base slightly closer (pads lower/larger, far edge ~25 % vs ~20 % from the top) and a small rotation; scene difference: red pad in slot 3 today vs slot 4 in episode 9; right arm (frame 0) out of view as in the corpus; left gripper visible top-left because the left arm is at its hand-guided pose, not its corpus rest pose",outputs/rig/munich_2026-09-01/t5_replay_20260902_155241/cmp_ep9_v2_side.png,"for T6: fine-tune the base by overlay, home the LEFT arm to its corpus rest pose too (above the camera), set the scene per 15 §2"
2026-09-02T16:14:46+02:00,C-15 base fine-tuned (3rd capture; base moved back slightly),live_head_161446,39fa124,julian,n/a,arms up; right on episode 9 frame 0; left hand-guided (visible top-left),cameras up,0 containers; 1 native participant (capture_head.py),n/a,n/a,"{}",0,6.2,C-15 MET to within a few cm,"live view vs corpus frame 0: table far edge ~22 % from the top (corpus ~20 %), near edge at the bottom in both, pads mid-frame at nearly the same image height (live still ~5-10 cm closer), fixture at the right, slight rotation residual; scene: red pad in slot 3 vs slot 4 in episode 9",outputs/rig/munich_2026-09-01/t5_replay_20260902_155241/cmp_ep9_v3_side.png,"overlay method works as the base-placement instrument; ~2 iterations of push + capture"
2026-09-02T16:14:46+02:00,C-15 3rd capture (base eased back) + overlays vs episodes 9 and 21,live_head_161446,39fa124,julian,n/a,arms up; right on episode 9 frame 0; left hand-guided,cameras up,0 containers; 1 native participant (capture_head.py),n/a,n/a,"{}",0,6.2,C-15 MET,"vs episode 9 frame 0: far edge ~22 % vs ~20 % from the top, pads mid-frame, slight rotation, mean |pixel diff| 93; vs episode 21 frame 0: mean |pixel diff| 54, table/pads/fixture nearly coincident; episode 21's frame 0 shows BOTH grippers hanging in at the top edge (arms above/behind the head camera) — confirms the task-2 rest posture; red pad slot 3 today vs 4 (ep 9) — in ep 21 the red pad is 4th too",outputs/rig/munich_2026-09-01/t5_replay_20260902_155241/cmp_ep21_v3_side.png,"overlay = the base-placement instrument (capture_head.py + overlay.py)"
2026-09-02T16:20:06+02:00,C-15 4th capture (table moved slightly),live_head_162006,39fa124,julian,n/a,arms up; right on episode 9 frame 0; left hand-guided,cameras up,0 containers; 1 native participant (capture_head.py),n/a,n/a,"{}",0,6.2,C-15 MET (best so far),"mean |pixel diff| 47.4 vs episode 9 frame 0 and 47.0 vs episode 21 frame 0 (was 93/54 at 16:14); overlays cmp_ep9_v4_* and cmp_ep21_v4_*",outputs/rig/munich_2026-09-01/t5_replay_20260902_155241/cmp_ep9_v4_side.png,"table position adjusted by the operator; base unchanged"
2026-09-02T16:24:31+02:00,C-15 captures 5-8 (table + pads adjusted; monitor-driven overlays),live_head_162326..162431,39fa124,julian,n/a,arms up; right on episode 9 frame 0; left hand-guided,cameras up,0 containers; 1 native participant (capture_head.py),n/a,n/a,"{}",0,6.2,C-15 DONE — table outline and fixture coincide with corpus frame 0 (ep 21),"mean |pixel diff| vs ep9 / ep21: v5 45.9/46.0, v6 45.8/45.1, v7 40.9/42.4, v8 41.9/42.5 (from 93/54 at 16:14); residual = pad row ~half a slot left of the ep-21 row (scene set-up, randomised per 15 §2)",outputs/rig/munich_2026-09-01/t5_replay_20260902_155241/cmp_ep21_v8_blend.png,"standing monitor: each new capture_head.py run -> overlays vs ep 9 and 21 automatically"
2026-09-02T16:28:10+02:00,C-15 captures 9-10 (new scene set-up),live_head_162711..162810,39fa124,julian,n/a,arms up; right on episode 9 frame 0; left hand-guided,cameras up,0 containers; 1 native participant (capture_head.py),n/a,n/a,"{}",0,6.2,C-15 DONE (unchanged),"mean |pixel diff| vs ep9 / ep21: v9 40.4/40.9, v10 40.7/40.0; table outline + fixture coincide; pad row ~half a slot left of ep 21's",outputs/rig/munich_2026-09-01/t5_replay_20260902_155241/cmp_ep21_v10_blend.png,"scene set-up iterations via the standing overlay monitor"
2026-09-02T16:33:32+02:00,T5.3 replay #2 of episode 9 (right arm; scene placed to corpus frame 0),t5_replay_ep9_20260902_163332,39fa124,julian,0.012 (synced 16:30),2026-09-02T16:31,cameras up (unused: --cameras ''),0 containers; 1 native participant (camelo DDS profile),self: right activated 16:33:34 (t~1.2 s; q0=g0; ref spread 7e-5),self: right deactivated 16:33:56 after --seconds 22; confirmed,"{""right"":{""meas_vs_cmd_max"":[0.155,0.025,0.166,0.035,0.176,0.561,0.640],""cmd_vs_recorded_max"":[0.028,0.006,0.056,0.022,0.046,0.082,0.063],""run_to_run_max"":[0.029,0.003,0.028,0.013,0.028,0.028,0.026]}}",0,4,REPRODUCIBLE: identical to run #1 within 0.03 rad on every joint; wrist lag unchanged (U-26),"438 ticks in 22.0 s, clamped 47/438 = 10.7 %, max_publish_gap 0.054, keepalive 0; commanded = recorded within 0.082 rad; measured run-to-run difference max 0.029 rad, mean 0.002 rad -> the replay is deterministic; gripper cmd 0.20..1.00 -> meas 0.02..1.00; 0 faults 0 rejects 4 CMs; left held at its hand-guided pose",outputs/rig/munich_2026-09-01/t5_replay_20260902_163332/t5_replay_ep9_163332.log,"first replay with the scene matching corpus frame 0 (C-15 done): operator 16:36: 'worked super well' — the recorded grasp executed on the placed scene"
2026-09-02T17:10:00+02:00,T6 entry (4) parity gate 15 §1.2 on the serving box (EC2 A10G; not a rig run),parity_act_ep9_20260902_150804,7692eb5 (tool at mb 369ed07 on EC2),julian,n/a,n/a,n/a,0 (separate docker run --rm),n/a,n/a,n/a,0,n/a,A PASS (0.0 on 15 dims) / B FAIL 1.199e-3 vs 1e-3 gripper chunk / negctrl camera_blank PASS 0.746,A is the bar (15 §1.2); B residual consistent with A10G-vs-H100 float noise (hypothesis),outputs/rig/munich_2026-09-01/parity/,server container untouched; rig clock +0.42 s and cameras down at 17:00 (R-62)
2026-09-02T17:29:21+02:00,T6.1 first remote rollout (ACT right arm; ep163 frame 0; shape mismatch allowed),t6_act_172921,cbbb7fc,julian,~0.1 (synced 17:2x),2026-09-02T17:23,cameras up,0 containers; 1 native participant,2026-09-02T17:29:24,n/a (stack FATAL at +0.49 s; deactivate timed out),n/a (measured stream frozen from activation),2 FATAL (right ctrl: no valid GELLO state; launch shut down),n/a,FAIL — stack FATAL 0.5 s after activation; policy UNMEASURED,command stream not fresh in the post-activation window (4 publishes/0.6 s at activation; reset + 1.44 s first inference; keep-alive ~5 Hz; stamp age 1.076 s),outputs/rig/munich_2026-09-01/t6_act_20260902_172921/,R-64; 90 ticks/30 s (RTT 0.45 s blocks the loop); U-27/U-28/U-29 fixes in flight
2026-09-02T17:41:53+02:00,T6 diag: cameras on + dummy adapter (right arm hold),t6diag_174153,cbbb7fc,julian,<0.05 (synced 17:39),2026-09-02T17:40:11,cameras up,0 containers; 1 native participant,2026-09-02T17:41:55,2026-09-02T17:42:15,{"right": 1.9e-05},0,n/a,PASS — 11 publishes/0.6 s; 399 ticks/20 s; gap 0.055; stack survived,camera load alone does not starve the stream; held-left stale-stamp warnings (0.50 s) on the inactive controller,outputs/rig/munich_2026-09-01/t6diag_20260902_174153/,R-65
2026-09-02T18:14:44+02:00,T6.1 retry with U-27/28/29 code,t6_act_181444,f648c1e,julian,<0.05 (synced ~18:05),2026-09-02T18:0x,cameras up,0 containers; 0 participants (failed before ros_session),n/a,n/a,n/a,0,n/a,FAIL before the robot — websocket handshake timeout (10 s),tunnel transport dead (idle since 17:30; server replaced by the colleague at 18:02 and logged no client until 21:38),outputs/rig/t6_act_181444.log (on ebimHP; not archived),R-66; U-30; second attempt 18:2x exit=1 log unread
2026-09-03T09:38:58+02:00,T6.1 FIRST closed-loop policy rollout (ACT right arm; ep163 frame 0; wrists 848 wide; U-26 open),t6_act_093858,4c4c0e5 (marker b708c0a),julian,<0.05 (synced ~09:10),2026-09-03T09:1x,cameras up; watcher up,0 containers; 1 native participant + 3 camera workers,2026-09-03T09:39:02,2026-09-03T09:39:32 (confirmed),{"right": 0.288 (j7); "left(held)": 0.011},0 (0 Rejecting),n/a,MECHANISM PASS / task ABSENT — approach to ~ep163 f200 pose in 10 s then hover 20 s; gripper never < 0.86,U-27/28/29 first measured: cadence 20 Hz; warm-up 0.61 s; 587 ticks/30 s; 70 chunks; starved 0; infer median 0.277 s; keepalive max 0.102 s,outputs/rig/munich_2026-09-01/t6_act_20260903_093858/,R-67; confounds U-21 (wrist shape) + U-26 (slew cap); clamped 30.8 % max_req_delta 0.39
2026-09-03T10:04:23 t6_act_100423 31.8 0.41 588 70+02:00,T6.1 ACT rollout repeat (PRE-splice code; wrists 848 wide; U-26 open),,4c4c0e5 code (marker b708c0a; splice deployed 10:11:48 AFTER these),julian,<0.05,2026-09-03T09:5x,cameras up; watcher up,0 containers; 1 native + 3 workers,n/a,self-deactivation confirmed,{"right": ~0.24 (j7)},0 (0 Rejecting),n/a,MECHANISM PASS / task ABSENT — approach then hover with wiggle,repeat of R-67; clamped  %; max_req_delta ; ticks ; chunks ; starved 0,outputs/rig/munich_2026-09-01/t6_act_20260903_100649/ (10:06 archived; others on ebimHP),R-70; U-31 still unmeasured
2026-09-03T10:05:45 t6_act_100545 26.7 0.29 588 69+02:00,T6.1 ACT rollout repeat (PRE-splice code; wrists 848 wide; U-26 open),,4c4c0e5 code (marker b708c0a; splice deployed 10:11:48 AFTER these),julian,<0.05,2026-09-03T09:5x,cameras up; watcher up,0 containers; 1 native + 3 workers,n/a,self-deactivation confirmed,{"right": ~0.24 (j7)},0 (0 Rejecting),n/a,MECHANISM PASS / task ABSENT — approach then hover with wiggle,repeat of R-67; clamped  %; max_req_delta ; ticks ; chunks ; starved 0,outputs/rig/munich_2026-09-01/t6_act_20260903_100649/ (10:06 archived; others on ebimHP),R-70; U-31 still unmeasured
2026-09-03T10:06:49 t6_act_100649 26.9 0.37 587 70+02:00,T6.1 ACT rollout repeat (PRE-splice code; wrists 848 wide; U-26 open),,4c4c0e5 code (marker b708c0a; splice deployed 10:11:48 AFTER these),julian,<0.05,2026-09-03T09:5x,cameras up; watcher up,0 containers; 1 native + 3 workers,n/a,self-deactivation confirmed,{"right": ~0.24 (j7)},0 (0 Rejecting),n/a,MECHANISM PASS / task ABSENT — approach then hover with wiggle,repeat of R-67; clamped  %; max_req_delta ; ticks ; chunks ; starved 0,outputs/rig/munich_2026-09-01/t6_act_20260903_100649/ (10:06 archived; others on ebimHP),R-70; U-31 still unmeasured
2026-09-03T10:17:39+02:00,T6.1 ACT rollout — FIRST with the U-31 nearest splice,t6_act_101739,86a8660,julian,<0.05,2026-09-03T09:5x,cameras up; watcher up,0 containers; 1 native + 3 workers,2026-09-03T10:17:43,2026-09-03T10:18:13 (confirmed),{"right": ~0.28 (j7)},0 (0 Rejecting),n/a,MECHANISM PASS / splice WRONG WAY — shifts +11 mean; starved 413/587; task ABSENT (approach then hold),chunk anchored at measured pose vs splice searching the commanded target + near-stationary chunks (arbitrary argmin) → exhaustion → hold; fix U-32 (leash to measured + measured-anchored splice + tie-break),outputs/rig/munich_2026-09-01/t6_act_20260903_101739/,R-71
2026-09-03T10:54:57+02:00,T6.1 ACT rollout — FIRST with U-32 leash (measured-anchored splice + leash-to-measured),t6_act_105457,46fa6bb,julian,<0.05,2026-09-03T09:5x,cameras up; watcher up,0 containers; 1 native + 3 workers,2026-09-03T10:55:04,2026-09-03T10:55:34 (confirmed),{"right": 0.15 (j1/j3/j6/j7; leash-bound)},n/a (no companion access this session — no ssh),n/a,MECHANISM PASS / TASK ABSENT,U-32 leash landed: starved_ticks 16 (R-71: 413); splice shifts small (-12.9..+2.0); hand-over now a 0.15 rad sawtooth = leash width (cmd_lead_rad_max 0.150; leash_active_pct 19.9%); binding constraint now the companion's 0.5 rad/s slew cap (U-26) + wrist res (U-21),outputs/rig/munich_2026-09-01/t6_act_20260903_105457/t6_act_105457.log,R-72; U-32 CLOSED (measured)
2026-09-03T11:06:34+02:00,T6.1 ACT rollout repeat — same T6-6 line as R-72; BEFORE the site changes (wrists 848x480 + --allow-camera-shape-mismatch; max_goal_velocity 0.5 rad/s),t6_act_110634,46fa6bb,julian,<0.05,2026-09-03T09:5x,cameras up; watcher up,0 containers; 1 native + 3 workers,2026-09-03T11:06:37,2026-09-03T11:07:08 (confirmed),{"right": 0.15 (j6/j7; leash-bound)},n/a (no companion access this session — no ssh),n/a,MECHANISM PASS / TASK ABSENT,Repeat of R-72 run by the operator on their own; 588 ticks 70 chunks; starved/dropped/stale 0; clamped 171 (29%); infer median 0.29s; arrival_jump mean 0.155 max 0.266 rad; splice_shift mean +1.04 (max -7.2); leash_active 15.0% (88/588); cmd_lead_rad_max 0.15; activation_to_first_cmd 0.51s; keepalive max 0.10s; same sawtooth signature as R-72 (repeatability sample),outputs/rig/munich_2026-09-01/t6_act_20260903_110634/t6_act_110634.log,R-72b; repeatability sample of R-72; U-21 (wrist res) and U-26 (velocity cap) confounds both still open at run time
2026-09-03T11:28:59+02:00,T6.1 ACT rollout — FIRST run with both site confounds removed (wrists 640x480 via configs/d405_color_640x480.yml; no --allow-camera-shape-mismatch; companion max_goal_velocity 1.0 rad/s in both controllers.yaml copies) plus --chunk-dump,t6_act_112859,0748bcd,julian,<0.05,2026-09-03T09:5x,cameras up; watcher up,0 containers; 1 native + 3 workers,2026-09-03T11:29:03,2026-09-03T11:29:33 (confirmed),{"right": 0.15 (j6/j7; leash-bound)},n/a (no companion access this session — no ssh),n/a,MECHANISM PASS / TASK ABSENT,U-21 and U-26 both closed as confounds here; both controllers logged max_goal_velocity = 1.000 rad/s; 587 ticks 69 chunks; starved/dropped/stale 0; clamped 155 (26.4%); infer median 0.28s max 0.48s; arrival_jump mean 0.142 max 0.291 rad; splice_shift mean -0.57 (early -2..-7.2 late +1..+2); leash_active 10.2% (60/587); cmd_lead_rad_max 0.15; state_age max 0.023s; activation_to_first_cmd 0.52s; hover speed p95 0.5-0.6 rad/s max 0.8 (the 0.5 cap gone; U-26 no longer binding); gripper cmd min 0.633 meas min 0.55 (lowest yet; no grasp); chunk dump saved 69 chunks — reveals a policy/executor limit cycle (row0 systematically offset from measured-at-arrival; every chunk descends on j1/j7 within its horizon yet the arm never drifts that way) — the current best explanation of the hover (U-33 ensemble splice in flight; U-34 corpus offset check in flight),outputs/rig/munich_2026-09-01/t6_act_20260903_112859/t6_act_112859.log,R-74; chunk dump outputs/rig/t6_chunks_112859.npz; U-26 re-measured — sawtooth persists at 1.0 rad/s so the mechanism is the limit cycle not the velocity cap
2026-09-03T11:45:05+02:00,T6.1 ACT rollout — U-34's predicted fix: --chunk-splice index; identical to R-74 otherwise (wrists 640x480; slew cap 1.0 rad/s; leash 0.15 default) plus --chunk-dump,t6_act_114505,0748bcd,julian,<0.05,2026-09-03T09:5x,cameras up; watcher up,0 containers; 1 native + 3 workers,2026-09-03T11:45:09,2026-09-03T11:45:39 (confirmed),"{""right"": 0.15 (j6/j7; leash-bound)}",n/a (no companion access this session — no ssh),n/a,MECHANISM PASS / TASK ABSENT,"588 ticks 69 chunks; starved/dropped/stale 0; clamped 217 (36.9%); infer median ~0.3s; arrival_jump mean 0.196 max 0.332 rad (measured against the leashed command which leads the arm by up to 0.15 — not comparable one-to-one with nearest's); splice_shift 0 by construction; leash_active 19.2% (113/588); cmd_lead_rad_max 0.15; activation_to_first_cmd 0.51s; self-deactivation; exit 0; pose (right j1..j7) t=5 [1.29,-0.63,-1.63,-1.96,-1.84,2.12,-0.06] t=10 [1.20,-0.63,-1.54,-1.96,-1.73,2.11,-0.10] t=20 [1.37,-0.64,-1.65,-1.92,-1.77,2.04,0.16] t=30 [1.38,-0.63,-1.66,-1.94,-1.88,2.03,0.19]; hover last 15s p2p [0.22,0.04,0.24,0.15,0.19,0.25,0.36]; command reversals 55-72 per joint; L2 distance to ep163 f200 min 0.68 (R-74: 0.82); gripper cmd min 0.985 (never closes) — same hover as R-74; the executor choice does not change the outcome; new open question U-35 (chunk #1 at the verified start pose disagrees with the demo's own frame-0 action — see doc 16)",outputs/rig/munich_2026-09-01/t6_act_20260903_114505/t6_act_114505.log,R-75; chunk dump outputs/rig/munich_2026-09-01/t6_act_20260903_114505/t6_chunks_114505.npz; U-33 ensemble parked (no overlap at 21 rows / 0.45s RTT); U-35 opened
2026-09-03T12:01:00+02:00,"U-35 wire probe — episode 163's RECORDED frame-0 observation (head 720x1280, wrists 480x640 RGB uint8, 27-dim state incl. recorded wrenches) through the rig's own client path (RemoteBackend JPEG -> websocket tunnel -> served ACT -> adapter); diffed the returned 21x15 chunk against the demo's actions[0:21]",u35_wire_f000,a33dd40,julian,n/a,n/a,n/a (--no-ros; no arm session),0 containers; 0 participants (--no-ros),n/a,n/a,n/a (no arm; wire probe only),0,n/a,WIRE MISMATCH (script's 0.05 rad threshold) — but arm path confirmed faithful,"Served row 0 right arm [1.5113,-0.6192,-1.2417,-1.8147,-1.3635,0.9878,0.6257] vs demo [1.5411,-0.6314,-1.2884,-1.8178,-1.3498,1.0134,0.6101]: per-joint |diff| j1 0.030 j2 0.012 j3 0.047 j4 0.003 j5 0.014 j6 0.026 j7 0.016; per-row max|diff| 0.058 at row 0 rising to 0.18 at row 20 (max = gripper dim, served 0.99 vs demo 0.81; j6/j7 0.13 behind by row 20). Frames 100 and 200 behaved the same (operator report). Row-0 diff (0.03-0.05 rad) is far smaller than the 0.15-0.2 rad gap seen from the live observation at the same joint state (R-74/R-75) -> the arm/wire path is not the gap. Same-day code audit (scratchpad obs_pipeline_audit.md) found no code mismatch: ROS decode honours encoding with BGR->RGB (camelo/contracts.py:707-731), wire PIL->PIL (camelo/policy/wire.py:47-57), no resize with image_transforms.enable=false, identity camera rename map, wrench topics/units identical, gripper chain confirmed.",outputs/rig/u35_wire_f000.log (on ebimHP only; not archived here),"U-35 narrows to (a) live image appearance vs the recordings (lighting/shadow/exposure/colour, wrist views never compared at pixel level) or (b) live wrench values (never printed on the rig); pad-row check found: live head pad row teal,teal,RED,teal at x~438,529,626,730 px (75 px spacing) vs episode 163 frame 0's RED,teal,teal,teal at 615,697,772,839 (97 px spacing) -> the scene itself was mis-set (see R-76)"
2026-09-03T12:11:05+02:00,"T6.1 ACT rollout — scene corrected per overlay (live_head_120647.png, overlay mean 33.2 vs corpus; red pad centroid 617px vs 615px corpus, teals to the right, target board coincident); identical line to R-75 (index splice, chunk dump, wrists 640x480, slew cap 1.0 rad/s)",t6_act_121105,"0748bcd + dummy-client files (uncommitted local changes to run_dummy_client.py/dummy_obs.py, unrelated to this rollout)",julian,<0.05,2026-09-03T09:5x,cameras up; watcher up,0 containers; 1 native + 3 workers,2026-09-03T12:11:09,2026-09-03T12:11:39 (confirmed),"{""right"": 0.15 (j6/j7; leash-bound); ""left(held)"": 0.15 (j5)}",0 (0 Rejecting),n/a,MECHANISM PASS / TASK ABSENT,"588 ticks 69 chunks; starved/dropped/stale 0; clamped 239 (40.6%); infer median 0.286s max 0.487s; arrival_jump mean 0.204 max 0.323 rad; splice_shift 0 by construction (index); leash_active 13.6% (80/588); cmd_lead_rad_max 0.15; activation_to_first_cmd 0.514s; start_pose_max_err 0.00033 rad; self-deactivation confirmed; exit 0; chunk #1 row 0 - demo f0 [+0.17,0,-0.18,+0.01,-0.05,+0.22,+0.17] (R-75: [+0.19,0,-0.18,+0.02,-0.02,+0.19,+0.18]) - unchanged by the scene correction; pose (right) t=5 [1.36,-0.64,-1.61,-2.00,-1.79,2.01,0.19] t=10 [1.41,-0.64,-1.59,-2.07,-1.83,1.96,0.58] t=20 [1.39,-0.63,-1.59,-1.99,-1.79,1.92,0.34] t=30 [1.35,-0.64,-1.61,-1.98,-1.78,2.06,0.18]; hover last 15s p2p [0.27,0.04,0.18,0.26,0.18,0.30,0.58]; L2 to demo f200 min 0.84 (R-75: 0.68); gripper cmd min 0.957 (never closes) - same hover as R-75, the scene fix did not change the mechanism",outputs/rig/munich_2026-09-01/t6_act_20260903_121105/t6_act_121105.log,"R-75; chunk dump outputs/rig/munich_2026-09-01/t6_act_20260903_121105/t6_chunks_121105.npz; verdict: the pad layout was not the cause; U-35 narrows to live image appearance vs the recordings or live wrench values (see R-77, wire proven faithful); score.txt beside the CSV (tools/rig_probes/score_t5_trace.py)"
2026-09-03T12:15:58+02:00,"T6.1 ACT rollout — FIRST synchronous plan-then-execute run (--no-async-inference --chunk-time-base arrival --chunk-splice index --replan-steps 10), commit 23ee7e9's --chunk-time-base arrival on top of R-76's line (wrists 640x480, slew cap 1.0 rad/s); scene = episode 163 frame 0 corrected at 12:06",t6_act_121558,ce9c66d (0748bcd + U-35 probe tools + 23ee7e9),julian,<0.05,2026-09-03T09:5x,cameras up; watcher up,0 containers; 1 native + 3 workers,2026-09-03T12:16:0x,2026-09-03T12:16:3x (confirmed),"{""right"": 0.15 (leash-bound, sync loop)}",0 (0 Rejecting),n/a,"MECHANISM PASS / TASK: FIRST FULL SEQUENCE (approach, close, transport) — grasp/placement pending operator visual report","369 ticks in 30s (sync loop, not 20 Hz async); 33 chunks; starved 0; clamped 78 (21.1%); infer mean ~0.35s (arm holds under keep-alive during inference); arrival_jump mean 0.128 max 0.291 rad; leash_active 11.9%; keepalive_republished 73; max_publish_gap 0.36s (fault threshold 2.0s); activation_to_first_cmd 0.36s; self-deactivation; exit 0; chunk #1 row0 - demo f0 [+0.16,0,-0.18,+0.01,-0.04,+0.22,+0.16] (unchanged from R-75/R-76 — the observation gap U-35 persists); median row0 - observed state [+0.067,-0.005,-0.089,+0.015,-0.046,+0.047,+0.053], chunk mean - state ~0 except j7 -0.07; row20-row0 [-0.14,0,+0.18,-0.01,+0.07,-0.04,-0.24]; pose (right j1..j7) t=2 [1.50,-0.64,-1.44,-1.93,-1.59,1.46,0.47] t=5 [1.63,-0.64,-1.76,-1.97,-1.85,1.83,0.47] t=10 [1.74,-0.64,-1.87,-2.03,-1.86,1.81,0.98] t=15 [1.75,-0.65,-1.91,-2.01,-1.89,1.87,0.90] t=20 [1.98,-0.66,-2.21,-1.90,-2.00,2.10,1.08] t=25 [2.18,-0.75,-2.47,-1.64,-1.89,2.31,0.40] t=30 [2.18,-0.78,-2.51,-1.55,-1.69,2.44,-0.03]; gripper command 1.00 until 7s, ramps 0.99(8s)->0.49(15s)->0.21(20s), stays 0.20-0.21 (demo's own closed value) to the end; measured <0.3 from 16.2s, 0.02 from 21s; sequence = approach (0-7s) -> close (8-19s, slower than the demo's ~1s at frame 151=7.5s) -> transport to j1 2.18/j3 -2.51 (demo post-grasp f250-f400: 2.29/-2.55) by 24s -> hold closed, never re-opens (demo opens at f519); j1 ratchets up ~+0.03/chunk because each chunk restarts ~0.07 rad above the observed pose and its first 10 rows do not descend that far; every earlier run R-67..R-76 hovered with gripper >= 0.63 — this is the first full task sequence",outputs/rig/munich_2026-09-01/t6_act_20260903_121558/t6_act_121558.log,"R-78; chunk dump outputs/rig/munich_2026-09-01/t6_act_20260903_121558/t6_chunks_121558.npz; score outputs/rig/munich_2026-09-01/t6_act_20260903_121558/score.txt; new open question U-36 (sync plan-then-execute vs async — six async runs hovered, this sync run produced the sequence; candidates: stationary-arm observation, verbatim row 0-9 execution, or the ratchet accidentally driving the approach; needs repeats n>=3 and the async control with --chunk-time-base arrival); U-35 persists (chunk #1 identical); verdict pending operator visual report on grasp/pad contact"
2026-09-03T14:12:35+02:00,"T6.1 VLA-JEPA rollout v00 (checkpoint 30000, port 8766) — sync plan-then-execute, --replan-steps 7 (chunk horizon 7)",t6v_v00_141235,"0f32375 (our clone ~/workspace/camelo-ebim-jo, --seed 0; checkpoint mounted read-only from the colleague's checkout)",julian,<0.05,2026-09-03T09:5x,cameras up; watcher up,0 containers; 1 native + 3 workers,2026-09-03T14:12:40,2026-09-03T14:13:10 (confirmed),"{""left(held)"": 0.0002; ""right"": 0.15 (leash-bound)}",0 (0 Rejecting),n/a,MECHANISM PASS / TASK ABSENT,"317 ticks (30s, sync loop); 39 chunks; infer median 0.377s max 0.580s; clamped 317/317 (100%); leash_active 315/317; first chunk row0 - demo f0 [+0.34,+0.03,-0.41,+0.10,-0.02,+0.30,-0.16] (wire probe at the recorded frame was <=0.04 rad -- the served chunk disagrees with itself once driven through the rig's own live observation); arm jumped within 2s to right [1.94,-0.59,-1.71,-1.51,-1.47,1.28,0.41] and froze (p2p last 15s <=0.12); gripper cmd 1.0; L2 to demo f200 min 1.83; VLA-JEPA's 7-row (0.35s) chunk is shorter than the measured 0.37s round trip",outputs/rig/munich_2026-09-01/t6v_v00_141235/t6v_v00_141235.log,"R-81 (v00); wire probe (recorded frame 0) served row0 [1.547,-0.597,-1.306,-1.826,-1.349,1.038,0.652] vs demo [1.541,-0.631,-1.288,-1.818,-1.350,1.013,0.610] <=0.04 rad, steady RTT 0.24s (first call 2.5s warm-up); score.txt beside the CSV"
2026-09-03T14:33:09+02:00,"T6.1 VLA-JEPA rollout v01 (checkpoint 30000, port 8766) — async, arrival-time base, index splice, --replan-steps 1",t6v_v01_143309,"0f32375 (our clone ~/workspace/camelo-ebim-jo, --seed 0; checkpoint mounted read-only from the colleague's checkout)",julian,<0.05,2026-09-03T09:5x,cameras up; watcher up,0 containers; 1 native + 3 workers,2026-09-03T14:33:14,2026-09-03T14:33:44 (confirmed),"{""left(held)"": 0.0003; ""right"": 0.15 (leash-bound)}",0 (0 Rejecting),n/a,MECHANISM PASS / TASK ABSENT,"587 ticks (30s, 20Hz); 60 chunks; starved 199; clamped 364; leash_active 65.8%; L2 to demo f200 min 1.65; gripper cmd 0.99; operator: ""moves, moves back to an earlier joint state on the same trajectory, moves again"" -- each chunk re-executed from its row0 = the pose observed one round trip earlier (arrival-time base re-commanding stale poses under starvation)",outputs/rig/munich_2026-09-01/t6v_v01_143309/t6v_v01_143309.log,"R-81 (v01); same wire probe as v00 (<=0.04 rad, RTT 0.24s); verdict both v00/v01: mechanism PASS, task ABSENT -- VLA-JEPA's 7-row/0.35s chunk shorter than the round trip; new open question U-40 (transport/horizon), transport fix (client-side resize to 224, two cameras) in flight; score.txt beside the CSV"
2026-09-03T14:29:47+02:00,"T6.1 ACT rollout a00 (checkpoint 100000, port 8767) — async control run for U-36: nearest splice, observation-time base, replan 8, --max-delta 0.05, wrists at fixed exposure 5000",t6a_a00_142947,"0f32375 (our clone ~/workspace/camelo-ebim-jo, --seed 0; checkpoint mounted read-only from the colleague's checkout)",julian,<0.05,2026-09-03T09:5x,cameras up; watcher up,0 containers; 1 native + 3 workers,2026-09-03T14:29:51,2026-09-03T14:30:21 (confirmed),"{""left(held)"": 0.0002; ""right"": 0.15 (leash-bound)}",0 (0 Rejecting),n/a,MECHANISM PASS / TASK: approaches the pad (U-36 answered),"581 ticks (30s, 20Hz); 65 chunks; starved 17; clamped 204; arrival_jump_rad mean 0.18; leash_active 19.6%; L2 to demo f200 min 0.21 at 26s (t=10: 1.24); gripper cmd min 0.64; command reversals ~92/joint after 10s; operator: ""way better but too aggressive"" -- approaches the pad. U-36 ANSWERED: the async loop approaches, the sync loop (R-78/R-80) does not -- the synchronous stop-and-go is off-distribution for this checkpoint, U-37's wrist-exposure fix was not the regression",outputs/rig/munich_2026-09-01/t6a_a00_142947/t6a_a00_142947.log,R-82; U-36 CLOSED (answered); score.txt beside the CSV (tools/rig_probes/score_t5_trace.py)
2026-09-03T14:51:15+02:00,"T6.1 ACT offset-splice line (checkpoint 100000, port 8767) — async, observation-time base, offset splice, --splice-ramp-ticks 20, replan 8, --max-delta 0.04; a01 then a02 x3 (one failed start, one 120s repeat)",t6a_a01_145115,"0f32375 (our clone ~/workspace/camelo-ebim-jo, --seed 0; checkpoint mounted read-only from the colleague's checkout)",julian,<0.05,2026-09-03T09:5x,cameras up; watcher up,0 containers; 1 native + 3 workers,2026-09-03T14:51:19 (a01); 14:52:54 (a02_145250); 14:53:37 (a02_145333); 14:54:33 (a02_145428),2026-09-03T14:51:49 (a01); 14:53:24 (a02_145250); 14:54:07 (a02_145333); 14:56:33 (a02_145428) -- all self-deactivation confirmed,"{""left(held)"": 0.0002; ""right"": 0.15 (leash-bound, additive offset)}",0 (0 Rejecting) across all four completed runs,n/a,MECHANISM PASS x4 / TASK: reaches the demo's grasp pose (best line measured),"a01 (t6a_a01_145115, 14:51): 588 ticks, 69 chunks, starved 0, clamped 55 (9.4%), arrival_jump 0.0 by construction, leash 71.9%, L2 to f200 0.33 at 10s / min 0.28 at 12s, gripper cmd min 0.68. Failed start at 14:52:07 (t6a_a01_145207): StartPoseNotReached, arm not re-homed (measured 1.58 rad off vs tol 0.10) -- nothing commanded, no CSV. a02 x3, re-run with --start-pose-tol widened past the off-pose gap rather than re-homing: t6a_a02_145250 (14:52): 587 ticks, starved 0, clamped 3 (0.5%), leash 76.7%, L2 0.45 at 10s / min 0.25 at 21s, gripper 0.68; t6a_a02_145333 (14:53): 588 ticks, clamped 4 (0.7%), leash 74.0%, L2 0.38 / min 0.25, gripper 0.75; t6a_a02_145428 (14:54, --seconds 120): 2375 ticks, 281 chunks, starved 0, clamped 3 (0.1%), leash 34.9%, L2 0.34 at 10s / min 0.08 at 24s, gripper command 0.20 (closed, measured 0.02). Operator: ""definitely the best""; physical outcome of the 120s run pending the operator's report. Interpretation: the offset splice removes the hand-over jump entirely (discontinuity carried as an additive correction bled off over 1s) and observation-time indexing skips the stale rows the arrival-time base kept re-committing to; high leash_active_pct here means the command leads the arm by <=0.15 rad continuously (tracking with lag, U-26), not a fault","outputs/rig/munich_2026-09-01/t6a_a01_145115/t6a_a01_145115.log; outputs/rig/munich_2026-09-01/t6a_a02_145250/, t6a_a02_145333/, t6a_a02_145428/",R-83; U-31 note added (offset splice measured best); score.txt beside each CSV (tools/rig_probes/score_t5_trace.py)
2026-09-03T14:58:52+02:00,"T6.1 VLA-JEPA rollout v02 (checkpoint 30000, port 8766) -- async, arrival-time base, offset splice, --splice-ramp-ticks 30, --replan-steps 1, client-side image resize + camera subset (head,wrist_right), --max-delta 0.04; operator Ctrl+C at 40s during teardown, controller already deactivated",t6v_v02_145852,"0f32375 + 343fb8c (wire: client-side image resize/JPEG quality and camera subset) (our clone ~/workspace/camelo-ebim-jo, --seed 0; checkpoint mounted read-only from the colleague's checkout)",julian,<0.05,2026-09-03T09:5x,cameras up; watcher up,0 containers; 1 native + 3 workers,2026-09-03T14:58:56,2026-09-03T14:59:36 (operator Ctrl+C at 40s during teardown; controller already deactivated),"{""left(held)"": 0.0002; ""right"": 0.15 (leash-bound, additive offset)}",0 (0 Rejecting),n/a,MECHANISM PASS / TASK ABSENT,"788 rows (81 chunks) over 39.5s; infer median 0.35s (dropping to two cameras -- head,wrist_right -- did not shorten it); clamped 268/778 (34.4%); L2 to demo f200 min 1.18 at 11s; arm wandered (right j4 -1.3, j6 1.0-1.7 rad); gripper cmd >= 0.97 but measured dipped to 0.39. Verdict: mechanism PASS, task ABSENT -- the transport trim did not fix the horizon/latency mismatch (U-40 open at run time, superseded by U-41 after v03)",outputs/rig/munich_2026-09-01/t6v_v02_145852/t6v_v02_145852.log,R-84 (v02); score.txt beside the CSV (tools/rig_probes/score_t5_trace.py); no chunk dump
2026-09-03T15:16:50+02:00,"T6.1 VLA-JEPA rollout v03 (checkpoint 30000, port 8766) -- async, observation-time base, offset splice, --splice-ramp-ticks 10, --replan-steps 1, client-side resize to 224x224 + camera subset (head,wrist_right)",t6v_v03_151650,"0f32375 + 343fb8c (our clone ~/workspace/camelo-ebim-jo, --seed 0; checkpoint mounted read-only from the colleague's checkout)",julian,<0.05,2026-09-03T09:5x,cameras up; watcher up,0 containers; 1 native + 3 workers,2026-09-03T15:16:55,2026-09-03T15:18:23 (confirmed),"{""left(held)"": 0.0002; ""right"": 0.15 (leash-bound, additive offset)}",0 (0 Rejecting),n/a,MECHANISM PASS / TASK ABSENT,"1762 rows (331 chunks) over 88.35s; RTT 0.225s at the 17kB resized payload (vs 0.24s at the original 117kB -- the round trip is network latency plus server compute, not payload size); clamped 20/1750 (1.1%); L2 to demo f200 min 1.66; gripper cmd 0.99. Operator: ""super slow, basically did not move"" -- the executor holds most ticks since 0.22s of the 0.35s chunk is already gone at arrival. Verdict: VLA-JEPA cannot be run properly over the ebimHP->EC2 link (0.35s chunk horizon < measured RTT); not a checkpoint verdict",outputs/rig/munich_2026-09-01/t6v_v03_151650/t6v_v03_151650.log,R-84 (v03); U-40 superseded by U-41 (VLA-JEPA needs local serving); score.txt beside the CSV
2026-09-03T15:09:50+02:00,"T6.1 ACT offset-splice repeat a03 (checkpoint 100000, port 8767) -- same line as R-83's a02 (async, observation-time base, offset splice, --splice-ramp-ticks 20, replan 8, --max-delta 0.04), --seconds 120",t6a_a03_150950,"0f32375 (our clone ~/workspace/camelo-ebim-jo, --seed 0; checkpoint mounted read-only from the colleague's checkout)",julian,<0.05,2026-09-03T09:5x,cameras up; watcher up,0 containers; 1 native + 3 workers,2026-09-03T15:09:54,2026-09-03T15:11:54 (KeyboardInterrupt at teardown pre-empted the printed rollout stats; CSV shows the full 120s),"{""left(held)"": 0.0002; ""right"": 0.15 (leash-bound, additive offset)}",0 (0 Rejecting),n/a,MECHANISM PASS / TASK: reaches the demo's grasp pose and closes on it -- pad not retained,"2392 rows (2382 commanded) over 119.98s; clamped 39/2382 (1.6%, from score_t5_trace.py); L2 to demo f200 0.22 at 10s, 0.14 at 20s, min 0.09 at 48s; gripper cmd ramps 0.46(24s) -> 0.29(26s) -> 0.20(27s), measured 0.02 from 25.8-28.8s at the grasp pose (right j5/j6 -2.06/2.65 vs demo -2.09/2.60), then re-opens to 0.44(30s) and hovers half-open (0.4-0.7) for the remaining 90s. Operator: ""really good, even the right gripper position; the pad was between the fingers, but the full close came after it had moved away again"" -- the ~3s close ramp (demos close in ~1s) let the arm drift off the pad before the close finished",outputs/rig/munich_2026-09-01/t6a_a03_150950/t6a_a03_150950.log,"R-85; approach/pose problem (U-35, U-36) solved -- remaining issue is gripper timing, opened U-42; score.txt beside the CSV"
2026-09-03T15:44:52+02:00,"T6.1 ACT gripper-latch rollout a04 (checkpoint 100000, port 8767) -- a03 line plus --gripper-latch 0.4:30:0.9 (ec62d7f); gripper NOT re-opened at start (measured 0.01 at t=0)",t6a_a04_154452,"0f32375 + ec62d7f (gripper latch) (our clone ~/workspace/camelo-ebim-jo, --seed 0; checkpoint mounted read-only from the colleague's checkout)",julian,<0.05,2026-09-03T09:5x,cameras up; watcher up,0 containers; 1 native + 3 workers,2026-09-03T15:44:56,2026-09-03T15:46:18 (operator Ctrl+C at 22s),"{""left(held)"": 0.0002; ""right"": 0.15 (leash-bound, additive offset)}",0 (0 Rejecting),n/a,"MECHANISM PASS / TASK ABSENT -- latch engaged too early, beside the pad","436 rows (426 commanded) over 21.82s; clamped 40/426 (9.4%); latch ENGAGED at tick 194 (9.7s) on a pre-shape dip to commanded 0.399, while the arm was still 0.22 rad from the grasp pose; closed beside the pad (operator: ""closes too early""); the policy then went into its transport motion (1.55 rad away by 20s); operator Ctrl+C at 22s",outputs/rig/munich_2026-09-01/t6a_a04_154452/t6a_a04_154452.log,R-86 (a04); a threshold-only latch cannot separate the pre-shape dip from the real close; score.txt beside the CSV
2026-09-03T15:52:15+02:00,"T6.1 ACT gripper-latch rollout a05 (checkpoint 100000, port 8767) -- a03 line plus --gripper-latch 0.3:30:0.9 (ec62d7f); gripper re-opened before the run",t6a_a05_155215,"0f32375 + ec62d7f (gripper latch) (our clone ~/workspace/camelo-ebim-jo, --seed 0; checkpoint mounted read-only from the colleague's checkout)",julian,<0.05,2026-09-03T09:5x,cameras up; watcher up,0 containers; 1 native + 3 workers,2026-09-03T15:52:19,2026-09-03T15:52:49 (operator Ctrl+C at 30s),"{""left(held)"": 0.0002; ""right"": 0.15 (leash-bound, additive offset)}",0 (0 Rejecting),n/a,"MECHANISM PASS / TASK ABSENT -- grasp pose reached, latch never engaged",611 rows (601 commanded) over 30.59s; clamped 47/601 (7.8%); grasp pose reached at 13s (L2 0.13) but the policy never closed (gripper cmd min 0.71); latch never engaged; arm wandered off (L2 1.0 by 24s); operator Ctrl+C at 30s,outputs/rig/munich_2026-09-01/t6a_a05_155215/t6a_a05_155215.log,"R-86 (a05); conclusion (a04+a05): the approach is reliable (a02-a05 all within 0.1-0.2 rad of the demo grasp pose by 10-20s); the close is the checkpoint's coin flip, and a threshold-only latch cannot separate the pre-shape dip from it; df5bf68 adds --gripper-latch-near for a proximity gate, untested on the rig (a06 planned); opened U-42; score.txt beside the CSV"
